NormalizedName,DisplayName,ChannelID,Source
2Fri,2Fri,tv.yousee.2Fri.dk,epg_ripper_DK1
2News,2News,tv.yousee.2News.dk,epg_ripper_DK1
2Sport,2Sport,tv.yousee.2Sport.dk,epg_ripper_DK1
3Puls,3Puls,tv.yousee.3Puls.dk,epg_ripper_DK1
3Sat,3Sat,tv.yousee.3Sat.dk,epg_ripper_DK1
3Sp2,3Sp2,tv.yousee.3Sp2.dk,epg_ripper_DK1
3Sport,3Sport,tv.yousee.3Sport.dk,epg_ripper_DK1
4K prg2,4K prg2,tv.yousee.4K.prg2.dk,epg_ripper_DK1
6eren,6eren HD (D) (T).dk,6eren HD (D) (T).dk,Globe_denmark1
6eren Denmark,"6eren Denmark (DK,DA).dk","6eren Denmark (DK,DA).dk",Globe_denmark2
AbuDTV,AbuDTV,tv.yousee.AbuDTV.dk,epg_ripper_DK1
Action,Action,tv.yousee.Action.dk,epg_ripper_DK1
Adult Channel UK,"Adult Channel UK (GB,EN).dk","Adult Channel UK (GB,EN).dk",Globe_denmark2
Al Eng,Al Eng,tv.yousee.Al.Eng.dk,epg_ripper_DK1
Al Jaz,Al Jaz,tv.yousee.Al.Jaz.dk,epg_ripper_DK1
Al Jazeera English,Al Jazeera English (T).dk,Al Jazeera English (T).dk,Globe_denmark1
AlAoul,AlAoul,tv.yousee.AlAoul.dk,epg_ripper_DK1
AlMasr,AlMasr,tv.yousee.AlMasr.dk,epg_ripper_DK1
Animal,Animal,tv.yousee.Animal.dk,epg_ripper_DK1
Animal Planet Denmark,"Animal Planet Denmark (DK,DA).dk","Animal Planet Denmark (DK,DA).dk",Globe_denmark2
Animal Planet Norway,"Animal Planet Norway (NO,NO).dk","Animal Planet Norway (NO,NO).dk",Globe_denmark2
ARD,ARD,tv.yousee.ARD.dk,epg_ripper_DK1
Arte,Arte,tv.yousee.Arte.dk,epg_ripper_DK1
ATV,ATV,tv.yousee.ATV.dk,epg_ripper_DK1
Baby TV English UK,"Baby TV English UK (GB,EN).dk","Baby TV English UK (GB,EN).dk",Globe_denmark2
BBC 1 UK,"BBC 1 UK (GB,EN).dk","BBC 1 UK (GB,EN).dk",Globe_denmark2
BBC B,BBC B,tv.yousee.BBC.B.dk,epg_ripper_DK1
BBC Earth Nordics English,"BBC Earth Nordics English (IS,EN).dk","BBC Earth Nordics English (IS,EN).dk",Globe_denmark2
BBC News,BBC News (T).dk,BBC News (T).dk,Globe_denmark1
BBC News UK,"BBC News UK (GB,EN).dk","BBC News UK (GB,EN).dk",Globe_denmark2
BBC Nordic,BBC Nordic HD (S/D/F) (T).dk,BBC Nordic HD (S/D/F) (T).dk,Globe_denmark1
BBC Nordic Denmark,"BBC Nordic Denmark (DK,DA).dk","BBC Nordic Denmark (DK,DA).dk",Globe_denmark2
BBC Nordic English,"BBC Nordic English (IS,EN).dk","BBC Nordic English (IS,EN).dk",Globe_denmark2
BBC Nordic Norway,"BBC Nordic Norway (NO,NO).dk","BBC Nordic Norway (NO,NO).dk",Globe_denmark2
BBC W,BBC W,tv.yousee.BBC.W.dk,epg_ripper_DK1
BBCPLUS_BK,BBCPLUS_BK,tv.yousee.BBCPLUS_BK.dk,epg_ripper_DK1
Blockbuster BK,Blockbuster BK,tv.yousee.Blockbuster.BK.dk,epg_ripper_DK1
Bloom,Bloom,tv.yousee.Bloom.dk,epg_ripper_DK1
Bloomberg,Bloomberg (T).dk,Bloomberg (T).dk,Globe_denmark1
Bloomberg TV,"Bloomberg TV (US,EN).dk","Bloomberg TV (US,EN).dk",Globe_denmark2
Blue H,Blue H,tv.yousee.Blue.H.dk,epg_ripper_DK1
Blue Hustler UK,"Blue Hustler UK (GB,EN).dk","Blue Hustler UK (GB,EN).dk",Globe_denmark2
Boomrg,Boomrg,tv.yousee.Boomrg.dk,epg_ripper_DK1
Bornho,Bornho,tv.yousee.Bornho.dk,epg_ripper_DK1
Canal 9 Denmark,"Canal 9 Denmark (DK,DA).dk","Canal 9 Denmark (DK,DA).dk",Globe_denmark2
CANAL9,CANAL9 HD (D) (T).dk,CANAL9 HD (D) (T).dk,Globe_denmark1
Cartoo,Cartoo,tv.yousee.Cartoo.dk,epg_ripper_DK1
Cartoon Network,Cartoon Network (T).dk,Cartoon Network (T).dk,Globe_denmark1
Cartoon Network Denmark,"Cartoon Network Denmark (DK,DA).dk","Cartoon Network Denmark (DK,DA).dk",Globe_denmark2
Cartoon Network Nordics English,"Cartoon Network Nordics English (IS,EN).dk","Cartoon Network Nordics English (IS,EN).dk",Globe_denmark2
Cartoon Network Norway,"Cartoon Network Norway (NO,NO).dk","Cartoon Network Norway (NO,NO).dk",Globe_denmark2
Cartoonito Nordic Denmark,"Cartoonito Nordic Denmark (DK,DA).dk","Cartoonito Nordic Denmark (DK,DA).dk",Globe_denmark2
Cartoonito Nordic English,"Cartoonito Nordic English (IS,EN).dk","Cartoonito Nordic English (IS,EN).dk",Globe_denmark2
Cartoonito Nordic Norway,"Cartoonito Nordic Norway (NO,NO).dk","Cartoonito Nordic Norway (NO,NO).dk",Globe_denmark2
CBS Reality Europe,"CBS Reality Europe (GB,EN).dk","CBS Reality Europe (GB,EN).dk",Globe_denmark2
CCTV 4,CCTV 4,tv.yousee.CCTV.4.dk,epg_ripper_DK1
CGTN,"CGTN (CN,EN).dk","CGTN (CN,EN).dk",Globe_denmark2
Charli,Charli,tv.yousee.Charli.dk,epg_ripper_DK1
Club MTV,"Club MTV (GB,EN).dk","Club MTV (GB,EN).dk",Globe_denmark2
CMORE_BK,CMORE_BK,tv.yousee.CMORE_BK.dk,epg_ripper_DK1
cmorelight,cmorelight,tv.yousee.cmorelight.dk,epg_ripper_DK1
CNBC,CNBC (T).dk,CNBC (T).dk,Globe_denmark1
CNN,CNN (T).dk,CNN (T).dk,Globe_denmark1
CNN International,"CNN International (US,EN).dk","CNN International (US,EN).dk",Globe_denmark2
Dantot,Dantot,tv.yousee.Dantot.dk,epg_ripper_DK1
Das Erste Germany,"Das Erste Germany (DE,DE).dk","Das Erste Germany (DE,DE).dk",Globe_denmark2
Deutsche Welle,"Deutsche Welle (DW) (DE,EN).dk","Deutsche Welle (DW) (DE,EN).dk",Globe_denmark2
Discov,Discov,tv.yousee.Discov.dk,epg_ripper_DK1
Discovery Channel,Discovery Channel HD (D) (T).dk,Discovery Channel HD (D) (T).dk,Globe_denmark1
Discovery Channel Central Europe English,"Discovery Channel Central Europe English (GB,EN).dk","Discovery Channel Central Europe English (GB,EN).dk",Globe_denmark2
Discovery Channel Denmark,"Discovery Channel Denmark (DK,DA).dk","Discovery Channel Denmark (DK,DA).dk",Globe_denmark2
Discovery Channel Norge,"Discovery Channel Norge (NO,NO).dk","Discovery Channel Norge (NO,NO).dk",Globe_denmark2
Discovery Science Europe English,"Discovery Science Europe English (GB,EN).dk","Discovery Science Europe English (GB,EN).dk",Globe_denmark2
Disney,Disney,tv.yousee.Disney.dk,epg_ripper_DK1
Disney Channel Denmark,"Disney Channel Denmark (DK,DA).dk","Disney Channel Denmark (DK,DA).dk",Globe_denmark2
Disney Channel Nordics,"Disney Channel Nordics (IS,EN).dk","Disney Channel Nordics (IS,EN).dk",Globe_denmark2
Disney_paraply,Disney_paraply,tv.yousee.Disney_paraply.dk,epg_ripper_DK1
disneyplusAdmin,disneyplusAdmin,tv.yousee.disneyplusAdmin.dk,epg_ripper_DK1
disneyplusPremiumAdmin,disneyplusPremiumAdmin,tv.yousee.disneyplusPremiumAdmin.dk,epg_ripper_DK1
disneyplusStandardAdmin,disneyplusStandardAdmin,tv.yousee.disneyplusStandardAdmin.dk,epg_ripper_DK1
disneyplusStandardAdsAdmin,disneyplusStandardAdsAdmin,tv.yousee.disneyplusStandardAdsAdmin.dk,epg_ripper_DK1
DisneyXTRA,DisneyXTRA,tv.yousee.DisneyXTRA.dk,epg_ripper_DK1
DISPLUS_BK,DISPLUS_BK,tv.yousee.DISPLUS_BK.dk,epg_ripper_DK1
Dizi,Dizi.dk,Dizi.dk,Globe_denmark1
DK Film BK,DK Film BK,tv.yousee.DK.Film.BK.dk,epg_ripper_DK1
dk4,dk4 (T).dk,dk4 (T).dk,Globe_denmark1
DK4 Denmark,"DK4 Denmark (DK,DA).dk","DK4 Denmark (DK,DA).dk",Globe_denmark2
dkfilm,dkfilm,tv.yousee.dkfilm.dk,epg_ripper_DK1
DR Ram,DR Ram,tv.yousee.DR.Ram.dk,epg_ripper_DK1
DR Ramasjang,DR Ramasjang (T).dk,DR Ramasjang (T).dk,Globe_denmark1
DR Ramasjang Denmark,"DR Ramasjang Denmark (DK,DA).dk","DR Ramasjang Denmark (DK,DA).dk",Globe_denmark2
DR1,DR1 HD (T).dk,DR1 HD (T).dk,Globe_denmark1
DR1 Denmark,"DR1 Denmark (DK,DA).dk","DR1 Denmark (DK,DA).dk",Globe_denmark2
DR1Syn,DR1Syn,tv.yousee.DR1Syn.dk,epg_ripper_DK1
DR2,DR2 HD (T).dk,DR2 HD (T).dk,Globe_denmark1
DR2 Denmark,"DR2 Denmark (DK,DA).dk","DR2 Denmark (DK,DA).dk",Globe_denmark2
DR2Syn,DR2Syn,tv.yousee.DR2Syn.dk,epg_ripper_DK1
DRVOD,DRVOD,tv.yousee.DRVOD.dk,epg_ripper_DK1
DRVOD_BK,DRVOD_BK,tv.yousee.DRVOD_BK.dk,epg_ripper_DK1
DW English,DW English (T).dk,DW English (T).dk,Globe_denmark1
E! Entertainment Europe,"E! Entertainment Europe (GB,EN).dk","E! Entertainment Europe (GB,EN).dk",Globe_denmark2
EDTV,EDTV,tv.yousee.EDTV.dk,epg_ripper_DK1
EuNews,EuNews,tv.yousee.EuNews.dk,epg_ripper_DK1
Euro,Euro D,tv.yousee.Euro.D.dk,epg_ripper_DK1
Euronews English France,"Euronews English France (FR,EN).dk","Euronews English France (FR,EN).dk",Globe_denmark2
EuroSp,EuroSp,tv.yousee.EuroSp.dk,epg_ripper_DK1
Eurosport 1,Eurosport 1 HD (D) (T).dk,Eurosport 1 HD (D) (T).dk,Globe_denmark1
Eurosport 1 Denmark,"Eurosport 1 Denmark (DK,DA).dk","Eurosport 1 Denmark (DK,DA).dk",Globe_denmark2
Eurosport 1 Norway,"Eurosport 1 Norway (NO,NO).dk","Eurosport 1 Norway (NO,NO).dk",Globe_denmark2
Eurosport 2,Eurosport 2 HD (D) (T).dk,Eurosport 2 HD (D) (T).dk,Globe_denmark1
Eurosport 2 Denmark,"Eurosport 2 Denmark (DK,DA).dk","Eurosport 2 Denmark (DK,DA).dk",Globe_denmark2
Eurosport N Norway,"Eurosport N Norway (NO,NO).dk","Eurosport N Norway (NO,NO).dk",Globe_denmark2
EuSpDK,EuSpDK,tv.yousee.EuSpDK.dk,epg_ripper_DK1
EuStar,EuStar,tv.yousee.EuStar.dk,epg_ripper_DK1
EventHD,EventHD,tv.yousee.EventHD.dk,epg_ripper_DK1
Explor,Explor,tv.yousee.Explor.dk,epg_ripper_DK1
Family,Family,tv.yousee.Family.dk,epg_ripper_DK1
FEM Norway,"FEM Norway (NO,NO).dk","FEM Norway (NO,NO).dk",Globe_denmark2
filmogserier,filmogserier,tv.yousee.filmogserier.dk,epg_ripper_DK1
Folketinget Denmark,"Folketinget Denmark (DK,DA).dk","Folketinget Denmark (DK,DA).dk",Globe_denmark2
fox_pl,fox_pl,tv.yousee.fox_pl.dk,epg_ripper_DK1
Franc2,Franc2,tv.yousee.Franc2.dk,epg_ripper_DK1
France 24 English,"France 24 English (FR,EN).dk","France 24 English (FR,EN).dk",Globe_denmark2
Fuel TV Portugal English,"Fuel TV Portugal English (PT,EN).dk","Fuel TV Portugal English (PT,EN).dk",Globe_denmark2
Fyn,Fyn,tv.yousee.Fyn.dk,epg_ripper_DK1
Ginx TV Esports UK,"Ginx TV Esports UK (GB,EN).dk","Ginx TV Esports UK (GB,EN).dk",Globe_denmark2
GolfHD,GolfHD,tv.yousee.GolfHD.dk,epg_ripper_DK1
GVD,GVD,tv.yousee.GVD.dk,epg_ripper_DK1
H2,H2,tv.yousee.H2.dk,epg_ripper_DK1
HAS,HAS,tv.yousee.HAS.dk,epg_ripper_DK1
hbo,hbo,tv.yousee.hbo.dk,epg_ripper_DK1
HBO_BK,HBO_BK,tv.yousee.HBO_BK.dk,epg_ripper_DK1
hbomaxAdmin,hbomaxAdmin,tv.yousee.hbomaxAdmin.dk,epg_ripper_DK1
HisCHD,HisCHD,tv.yousee.HisCHD.dk,epg_ripper_DK1
Histor,Histor,tv.yousee.Histor.dk,epg_ripper_DK1
History 2 Channel Denmark,"History 2 Channel Denmark (DK,DA).dk","History 2 Channel Denmark (DK,DA).dk",Globe_denmark2
History 2 Norway,"History 2 Norway (NO,NO).dk","History 2 Norway (NO,NO).dk",Globe_denmark2
History Channel Denmark,"History Channel Denmark (DK,DA).dk","History Channel Denmark (DK,DA).dk",Globe_denmark2
History Norway,"History Norway (NO,NO).dk","History Norway (NO,NO).dk",Globe_denmark2
HISTORY2 Europe,"HISTORY2 Europe (GB,EN).dk","HISTORY2 Europe (GB,EN).dk",Globe_denmark2
Horse and Country,Horse and Country (T).dk,Horse and Country (T).dk,Globe_denmark1
Hoved,Hoved,tv.yousee.Hoved.dk,epg_ripper_DK1
Hustler TV UK,"Hustler TV UK (GB,EN).dk","Hustler TV UK (GB,EN).dk",Globe_denmark2
ID,ID,tv.yousee.ID.dk,epg_ripper_DK1
ID Investigation Discovery,ID Investigation Discovery (D) (T).dk,ID Investigation Discovery (D) (T).dk,Globe_denmark1
Infoka,Infoka,tv.yousee.Infoka.dk,epg_ripper_DK1
Investigation Discovery Denmark,"Investigation Discovery Denmark (DK,DA).dk","Investigation Discovery Denmark (DK,DA).dk",Globe_denmark2
Investigation Discovery Norway,"Investigation Discovery Norway (NO,NO).dk","Investigation Discovery Norway (NO,NO).dk",Globe_denmark2
Jordan,Jordan,tv.yousee.Jordan.dk,epg_ripper_DK1
Kanal 4,Kanal 4 HD (D) (T).dk,Kanal 4 HD (D) (T).dk,Globe_denmark1
Kanal 4 Denmark,"Kanal 4 Denmark (DK,DA).dk","Kanal 4 Denmark (DK,DA).dk",Globe_denmark2
Kanal 5,Kanal 5 HD (D) (T).dk,Kanal 5 HD (D) (T).dk,Globe_denmark1
Kanal 5 Denmark,"Kanal 5 Denmark (DK,DA).dk","Kanal 5 Denmark (DK,DA).dk",Globe_denmark2
Kanal4,Kanal4,tv.yousee.Kanal4.dk,epg_ripper_DK1
Kanal5,Kanal5,tv.yousee.Kanal5.dk,epg_ripper_DK1
Kanal7,Kanal7,tv.yousee.Kanal7.dk,epg_ripper_DK1
Kurdis,Kurdis,tv.yousee.Kurdis.dk,epg_ripper_DK1
L info,L info,tv.yousee.L.info.dk,epg_ripper_DK1
LinfHD,LinfHD,tv.yousee.LinfHD.dk,epg_ripper_DK1
Lokal,Lokal,tv.yousee.Lokal.dk,epg_ripper_DK1
Lorry,Lorry,tv.yousee.Lorry.dk,epg_ripper_DK1
Love Nature,Love Nature HD (T).dk,Love Nature HD (T).dk,Globe_denmark1
MAX_BK,MAX_BK,tv.yousee.MAX_BK.dk,epg_ripper_DK1
MAX_paraply,MAX_paraply,tv.yousee.MAX_paraply.dk,epg_ripper_DK1
maxAdmin,maxAdmin,tv.yousee.maxAdmin.dk,epg_ripper_DK1
MAXSP_BK,MAXSP_BK,tv.yousee.MAXSP_BK.dk,epg_ripper_DK1
maxsportAdmin,maxsportAdmin,tv.yousee.maxsportAdmin.dk,epg_ripper_DK1
MDR Sachsen-Anhalt Germany,"MDR Sachsen-Anhalt Germany (DE,DE).dk","MDR Sachsen-Anhalt Germany (DE,DE).dk",Globe_denmark2
Mezzo,Mezzo,tv.yousee.Mezzo.dk,epg_ripper_DK1
Mezzo Live,Mezzo Live (T).dk,Mezzo Live (T).dk,Globe_denmark1
MEZZO LIVE English France,"MEZZO LIVE English France (FR,EN).dk","MEZZO LIVE English France (FR,EN).dk",Globe_denmark2
Midt-V,Midt-V,tv.yousee.Midt-V.dk,epg_ripper_DK1
Min Bio BK,Min Bio BK,tv.yousee.Min.Bio.BK.dk,epg_ripper_DK1
minbio,minbio,tv.yousee.minbio.dk,epg_ripper_DK1
Moonbug,Moonbug (T).dk,Moonbug (T).dk,Globe_denmark1
Motors,Motors,tv.yousee.Motors.dk,epg_ripper_DK1
Motorvision+ Germany,"Motorvision+ Germany (DE,EN).dk","Motorvision+ Germany (DE,EN).dk",Globe_denmark2
MTV,MTV (Nordic) (T).dk,MTV (Nordic) (T).dk,Globe_denmark1
MTV 00s,MTV 00s (T).dk,MTV 00s (T).dk,Globe_denmark1
MTV 00s UK,"MTV 00s UK (GB,EN).dk","MTV 00s UK (GB,EN).dk",Globe_denmark2
MTV 80s,MTV 80s (T).dk,MTV 80s (T).dk,Globe_denmark1
MTV 80s UK,"MTV 80s UK (GB,EN).dk","MTV 80s UK (GB,EN).dk",Globe_denmark2
MTV 90s UK,"MTV 90s UK (GB,EN).dk","MTV 90s UK (GB,EN).dk",Globe_denmark2
MTV Denmark,"MTV Denmark (DK,DA).dk","MTV Denmark (DK,DA).dk",Globe_denmark2
MTV Hits UK,"MTV Hits UK (GB,EN).dk","MTV Hits UK (GB,EN).dk",Globe_denmark2
MTV Live UK,"MTV Live HD UK (GB,EN).dk","MTV Live HD UK (GB,EN).dk",Globe_denmark2
MTV Norway,"MTV Norway (NO,NO).dk","MTV Norway (NO,NO).dk",Globe_denmark2
MTVhit,MTVhit,tv.yousee.MTVhit.dk,epg_ripper_DK1
MTVRoc,MTVRoc,tv.yousee.MTVRoc.dk,epg_ripper_DK1
MY_ZEN,MY_ZEN,tv.yousee.MY_ZEN.dk,epg_ripper_DK1
naboland,naboland,tv.yousee.naboland.dk,epg_ripper_DK1
NAT_BK,NAT_BK,tv.yousee.NAT_BK.dk,epg_ripper_DK1
nat_pl,nat_pl,tv.yousee.nat_pl.dk,epg_ripper_DK1
NatGeo,NatGeo,tv.yousee.NatGeo.dk,epg_ripper_DK1
National Geographic,National Geographic HD (D) (T).dk,National Geographic HD (D) (T).dk,Globe_denmark1
National Geographic Denmark,"National Geographic Denmark (DK,DA).dk","National Geographic Denmark (DK,DA).dk",Globe_denmark2
National Geographic Norway,"National Geographic Norway (NO,NO).dk","National Geographic Norway (NO,NO).dk",Globe_denmark2
National Geographic Wild Denmark,"National Geographic Wild Denmark (DK,DA).dk","National Geographic Wild Denmark (DK,DA).dk",Globe_denmark2
National Geographic Wild Nordics,"National Geographic Wild Nordics (IS,EN).dk","National Geographic Wild Nordics (IS,EN).dk",Globe_denmark2
National Geographic Wild Norway,"National Geographic Wild Norway (NO,NO).dk","National Geographic Wild Norway (NO,NO).dk",Globe_denmark2
Nautical Channel,"Nautical Channel (US,EN).dk","Nautical Channel (US,EN).dk",Globe_denmark2
NDR,NDR,tv.yousee.NDR.dk,epg_ripper_DK1
NDR Germany,"NDR Germany (DE,DE).dk","NDR Germany (DE,DE).dk",Globe_denmark2
netflix,netflix,tv.yousee.netflix.dk,epg_ripper_DK1
Netflix_paraply,Netflix_paraply,tv.yousee.Netflix_paraply.dk,epg_ripper_DK1
NF-BS-Basis,NF-BS-Basis,tv.yousee.NF-BS-Basis.dk,epg_ripper_DK1
NF-BS-P_25,NF-BS-P_25,tv.yousee.NF-BS-P_25.dk,epg_ripper_DK1
NF-BS-Premium,NF-BS-Premium,tv.yousee.NF-BS-Premium.dk,epg_ripper_DK1
NF-BS-S_25,NF-BS-S_25,tv.yousee.NF-BS-S_25.dk,epg_ripper_DK1
NF-BS-Standard,NF-BS-Standard,tv.yousee.NF-BS-Standard.dk,epg_ripper_DK1
nf-premiere,nf-premiere,tv.yousee.nf-premiere.dk,epg_ripper_DK1
NGWild,NGWild,tv.yousee.NGWild.dk,epg_ripper_DK1
NIC_BK,NIC_BK,tv.yousee.NIC_BK.dk,epg_ripper_DK1
Nick Jr.,Nick Jr. (T).dk,Nick Jr. (T).dk,Globe_denmark1
Nick Jr. Denmark,"Nick Jr. Denmark (DK,DA).dk","Nick Jr. Denmark (DK,DA).dk",Globe_denmark2
Nick Jr. Norway,"Nick Jr. Norway (NO,NO).dk","Nick Jr. Norway (NO,NO).dk",Globe_denmark2
nick_pl,nick_pl,tv.yousee.nick_pl.dk,epg_ripper_DK1
Nickel,Nickel,tv.yousee.Nickel.dk,epg_ripper_DK1
Nickelodeon,Nickelodeon (Nordic) (T).dk,Nickelodeon (Nordic) (T).dk,Globe_denmark1
Nickelodeon Norway,"Nickelodeon Norway (NO,NO).dk","Nickelodeon Norway (NO,NO).dk",Globe_denmark2
NickJr,NickJr,tv.yousee.NickJr.dk,epg_ripper_DK1
Nicktoons,Nicktoons (T).dk,Nicktoons (T).dk,Globe_denmark1
Nicktoons Denmark,"Nicktoons Denmark (DK,DA).dk","Nicktoons Denmark (DK,DA).dk",Globe_denmark2
Nord,Nord,tv.yousee.Nord.dk,epg_ripper_DK1
norflm,norflm,tv.yousee.norflm.dk,epg_ripper_DK1
NORFLM_BK,NORFLM_BK,tv.yousee.NORFLM_BK.dk,epg_ripper_DK1
Norge2,Norge2,tv.yousee.Norge2.dk,epg_ripper_DK1
Norway Live,"Norway Live (NO,NO).dk","Norway Live (NO,NO).dk",Globe_denmark2
NRK Super Norway,"NRK Super Norway (NO,NO).dk","NRK Super Norway (NO,NO).dk",Globe_denmark2
NRK1,NRK1 HD (T).dk,NRK1 HD (T).dk,Globe_denmark1
NRK1 Norway,"NRK1 Norway (NO,NO).dk","NRK1 Norway (NO,NO).dk",Globe_denmark2
NRK2,NRK2 HD (T).dk,NRK2 HD (T).dk,Globe_denmark1
NRK2 Norway,"NRK2 Norway (NO,NO).dk","NRK2 Norway (NO,NO).dk",Globe_denmark2
NRK3 Norway,"NRK3 Norway (NO,NO).dk","NRK3 Norway (NO,NO).dk",Globe_denmark2
NRK3/ NRK Super,NRK3/ NRK Super HD (T).dk,NRK3/ NRK Super HD (T).dk,Globe_denmark1
Ost,Ost,tv.yousee.Ost.dk,epg_ripper_DK1
Ostjyl,Ostjyl,tv.yousee.Ostjyl.dk,epg_ripper_DK1
paramo,paramo,tv.yousee.paramo.dk,epg_ripper_DK1
paramoselect,paramoselect,tv.yousee.paramoselect.dk,epg_ripper_DK1
Paramount BK,Paramount BK,tv.yousee.Paramount.BK.dk,epg_ripper_DK1
ParaMov,ParaMov,tv.yousee.ParaMov.dk,epg_ripper_DK1
ParaSer,ParaSer,tv.yousee.ParaSer.dk,epg_ripper_DK1
PaSelct_BK,PaSelct_BK,tv.yousee.PaSelct_BK.dk,epg_ripper_DK1
premiere,premiere,tv.yousee.premiere.dk,epg_ripper_DK1
Prime Video,Prime Video,tv.yousee.Prime.Video.dk,epg_ripper_DK1
PRIME_BK,PRIME_BK,tv.yousee.PRIME_BK.dk,epg_ripper_DK1
Pro7,Pro7,tv.yousee.Pro7.dk,epg_ripper_DK1
RaiUno,RaiUno,tv.yousee.RaiUno.dk,epg_ripper_DK1
REX Norway,"REX Norway (NO,NO).dk","REX Norway (NO,NO).dk",Globe_denmark2
RIKSTOTO Norway,"RIKSTOTO Norway (NO,NO).dk","RIKSTOTO Norway (NO,NO).dk",Globe_denmark2
RTCG,RTCG,tv.yousee.RTCG.dk,epg_ripper_DK1
RTL,RTL,tv.yousee.RTL.dk,epg_ripper_DK1
RTL Germany,"RTL Germany (DE,DE).dk","RTL Germany (DE,DE).dk",Globe_denmark2
Sat1,Sat1,tv.yousee.Sat1.dk,epg_ripper_DK1
See,See HD (D) (T).dk,See HD (D) (T).dk,Globe_denmark1
See Denmark,"See Denmark (DK,DA).dk","See Denmark (DK,DA).dk",Globe_denmark2
SF-kanalen Denmark,"SF-kanalen Denmark (DK,DA).dk","SF-kanalen Denmark (DK,DA).dk",Globe_denmark2
SF-kanalen Norway,"SF-kanalen Norway (NO,NO).dk","SF-kanalen Norway (NO,NO).dk",Globe_denmark2
Sky News,Sky News (T).dk,Sky News (T).dk,Globe_denmark1
Sky News International,"Sky News International (GB,EN).dk","Sky News International (GB,EN).dk",Globe_denmark2
SkyShowtime 1,SkyShowtime 1 HD (T).dk,SkyShowtime 1 HD (T).dk,Globe_denmark1
SkyShowtime 2,SkyShowtime 2 HD (T).dk,SkyShowtime 2 HD (T).dk,Globe_denmark1
Sport Live,Sport Live (D) (T).dk,Sport Live (D) (T).dk,Globe_denmark1
Sudan,Sudan,tv.yousee.Sudan.dk,epg_ripper_DK1
SVT 24 Sweden,"SVT 24 Sweden (SE,SV).dk","SVT 24 Sweden (SE,SV).dk",Globe_denmark2
SVT Barn Sweden,"SVT Barn Sweden (SE,SV).dk","SVT Barn Sweden (SE,SV).dk",Globe_denmark2
SVT1,SVT1 HD (T).dk,SVT1 HD (T).dk,Globe_denmark1
SVT1 Sweden,"SVT1 Sweden (SE,SV).dk","SVT1 Sweden (SE,SV).dk",Globe_denmark2
SVT2,SVT2 HD (T).dk,SVT2 HD (T).dk,Globe_denmark1
SVT2 Sweden,"SVT2 Sweden (SE,SV).dk","SVT2 Sweden (SE,SV).dk",Globe_denmark2
Syd,Syd,tv.yousee.Syd.dk,epg_ripper_DK1
Tinget,Tinget,tv.yousee.Tinget.dk,epg_ripper_DK1
TLC,TLC,tv.yousee.TLC.dk,epg_ripper_DK1
TLC Danmark,TLC Danmark (T).dk,TLC Danmark (T).dk,Globe_denmark1
TLC Denmark,"TLC Denmark (DK,DA).dk","TLC Denmark (DK,DA).dk",Globe_denmark2
TLC Norway,"TLC Norway (NO,NO).dk","TLC Norway (NO,NO).dk",Globe_denmark2
Travel,Travel,tv.yousee.Travel.dk,epg_ripper_DK1
Travel Channel EMEA English,"Travel Channel EMEA English (GB,EN).dk","Travel Channel EMEA English (GB,EN).dk",Globe_denmark2
TV 2,TV 2 HD (D) (T).dk,TV 2 HD (D) (T).dk,Globe_denmark1
TV 2 B,TV 2 B,tv.yousee.TV.2.B.dk,epg_ripper_DK1
TV 2 Charlie,TV 2 Charlie HD (D) (T).dk,TV 2 Charlie HD (D) (T).dk,Globe_denmark1
TV 2 Charlie Denmark,"TV 2 Charlie Denmark (DK,DA).dk","TV 2 Charlie Denmark (DK,DA).dk",Globe_denmark2
TV 2 Denmark,"TV 2 Denmark (DK,DA).dk","TV 2 Denmark (DK,DA).dk",Globe_denmark2
TV 2 Direkte Norway,"TV 2 Direkte Norway (NO,NO).dk","TV 2 Direkte Norway (NO,NO).dk",Globe_denmark2
TV 2 Echo,TV 2 Echo HD (D) (T).dk,TV 2 Echo HD (D) (T).dk,Globe_denmark1
TV 2 Echo Denmark,"TV 2 Echo Denmark (DK,DA).dk","TV 2 Echo Denmark (DK,DA).dk",Globe_denmark2
TV 2 F,TV 2 F,tv.yousee.TV.2.F.dk,epg_ripper_DK1
TV 2 Fri,TV 2 Fri HD (D) (T).dk,TV 2 Fri HD (D) (T).dk,Globe_denmark1
TV 2 Fri Denmark,"TV 2 Fri Denmark (DK,DA).dk","TV 2 Fri Denmark (DK,DA).dk",Globe_denmark2
TV 2 J,TV 2 J,tv.yousee.TV.2.J.dk,epg_ripper_DK1
TV 2 L,TV 2 L,tv.yousee.TV.2.L.dk,epg_ripper_DK1
TV 2 Livsstil Norway,"TV 2 Livsstil Norway (NO,NO).dk","TV 2 Livsstil Norway (NO,NO).dk",Globe_denmark2
TV 2 M,TV 2 M,tv.yousee.TV.2.M.dk,epg_ripper_DK1
TV 2 N,TV 2 N,tv.yousee.TV.2.N.dk,epg_ripper_DK1
TV 2 News,TV 2 News HD (D) (T).dk,TV 2 News HD (D) (T).dk,Globe_denmark1
TV 2 News Denmark,"TV 2 News Denmark (DK,DA).dk","TV 2 News Denmark (DK,DA).dk",Globe_denmark2
TV 2 Nyheter Norway,"TV 2 Nyheter Norway (NO,NO).dk","TV 2 Nyheter Norway (NO,NO).dk",Globe_denmark2
TV 2 O,TV 2 O,tv.yousee.TV.2.O.dk,epg_ripper_DK1
TV 2 S,TV 2 S,tv.yousee.TV.2.S.dk,epg_ripper_DK1
TV 2 Sport,TV 2 Sport HD (D) (T).dk,TV 2 Sport HD (D) (T).dk,Globe_denmark1
TV 2 Sport 1 Norway,"TV 2 Sport 1 Norway (NO,NO).dk","TV 2 Sport 1 Norway (NO,NO).dk",Globe_denmark2
TV 2 Sport 2 Norway,"TV 2 Sport 2 Norway (NO,NO).dk","TV 2 Sport 2 Norway (NO,NO).dk",Globe_denmark2
TV 2 Sport Denmark,"TV 2 Sport Denmark (DK,DA).dk","TV 2 Sport Denmark (DK,DA).dk",Globe_denmark2
TV 2 Sport Premium 2 Norway,"TV 2 Sport Premium 2 Norway (NO,NO).dk","TV 2 Sport Premium 2 Norway (NO,NO).dk",Globe_denmark2
TV 2 Sport Premium Norway,"TV 2 Sport Premium Norway (NO,NO).dk","TV 2 Sport Premium Norway (NO,NO).dk",Globe_denmark2
TV 2 Sport X,TV 2 Sport X HD (D) (T).dk,TV 2 Sport X HD (D) (T).dk,Globe_denmark1
TV 2 Sport X Denmark,"TV 2 Sport X Denmark (DK,DA).dk","TV 2 Sport X Denmark (DK,DA).dk",Globe_denmark2
TV 2 Zebra Norway,"TV 2 Zebra Norway (NO,NO).dk","TV 2 Zebra Norway (NO,NO).dk",Globe_denmark2
TV 5,TV 5,tv.yousee.TV.5.dk,epg_ripper_DK1
TV Fyn,TV Fyn,tv.yousee.TV.Fyn.dk,epg_ripper_DK1
TV Mid,TV Mid,tv.yousee.TV.Mid.dk,epg_ripper_DK1
TV Pol,TV Pol,tv.yousee.TV.Pol.dk,epg_ripper_DK1
TV Syd,TV Syd,tv.yousee.TV.Syd.dk,epg_ripper_DK1
TV2APP_BK,TV2APP_BK,tv.yousee.TV2APP_BK.dk,epg_ripper_DK1
TV2Bor,TV2Bor,tv.yousee.TV2Bor.dk,epg_ripper_DK1
TV2Nor,TV2Nor,tv.yousee.TV2Nor.dk,epg_ripper_DK1
TV2OJy,TV2OJy,tv.yousee.TV2OJy.dk,epg_ripper_DK1
TV2OSj,TV2OSj,tv.yousee.TV2OSj.dk,epg_ripper_DK1
tv2play,tv2play,tv.yousee.tv2play.dk,epg_ripper_DK1
tv2play3_BK,tv2play3_BK,tv.yousee.tv2play3_BK.dk,epg_ripper_DK1
tv2play3_BK_25,tv2play3_BK_25,tv.yousee.tv2play3_BK_25.dk,epg_ripper_DK1
tv2play_BK,tv2play_BK,tv.yousee.tv2play_BK.dk,epg_ripper_DK1
tv2playAdminBs,tv2playAdminBs,tv.yousee.tv2playAdminBs.dk,epg_ripper_DK1
tv2playAdminYsp,tv2playAdminYsp,tv.yousee.tv2playAdminYsp.dk,epg_ripper_DK1
tv2sportx,tv2sportx,tv.yousee.tv2sportx.dk,epg_ripper_DK1
TV3,TV3 HD (D) (T).dk,TV3 HD (D) (T).dk,Globe_denmark1
TV3 Denmark,"TV3 Denmark (DK,DA).dk","TV3 Denmark (DK,DA).dk",Globe_denmark2
TV3 MAX,TV3 MAX HD (D) (T).dk,TV3 MAX HD (D) (T).dk,Globe_denmark1
TV3 Max Denmark,"TV3 Max Denmark (DK,DA).dk","TV3 Max Denmark (DK,DA).dk",Globe_denmark2
TV3 Norway,"TV3 Norway (NO,NO).dk","TV3 Norway (NO,NO).dk",Globe_denmark2
TV3 Puls,TV3 Puls HD (D) (T).dk,TV3 Puls HD (D) (T).dk,Globe_denmark1
TV3 Puls Denmark,"TV3 Puls Denmark (DK,DA).dk","TV3 Puls Denmark (DK,DA).dk",Globe_denmark2
TV3 Sport,TV3 Sport HD (D) (T).dk,TV3 Sport HD (D) (T).dk,Globe_denmark1
TV3 Sport Denmark,"TV3 Sport Denmark (DK,DA).dk","TV3 Sport Denmark (DK,DA).dk",Globe_denmark2
TV3 Sweden,"TV3 Sweden (SE,SV).dk","TV3 Sweden (SE,SV).dk",Globe_denmark2
TV3+,TV3+ HD (D) (T).dk,TV3+ HD (D) (T).dk,Globe_denmark1
TV3+ Denmark,"TV3+ Denmark (DK,DA).dk","TV3+ Denmark (DK,DA).dk",Globe_denmark2
TV3+ Norway,"TV3+ Norway (NO,NO).dk","TV3+ Norway (NO,NO).dk",Globe_denmark2
TV3plus,TV3plus,tv.yousee.TV3plus.dk,epg_ripper_DK1
TV4,TV4 HD (T).dk,TV4 HD (T).dk,Globe_denmark1
TV4 Hits Denmark,"TV4 Hits Denmark (DK,DA).dk","TV4 Hits Denmark (DK,DA).dk",Globe_denmark2
TV4 Hits Norway,"TV4 Hits Norway (NO,NO).dk","TV4 Hits Norway (NO,NO).dk",Globe_denmark2
TV4 Stars Norway,"TV4 Stars Norway (NO,NO).dk","TV4 Stars Norway (NO,NO).dk",Globe_denmark2
TV4 Sweden,"TV4 Sweden (SE,SV).dk","TV4 Sweden (SE,SV).dk",Globe_denmark2
TV6 Norway,"TV6 Norway (NO,NO).dk","TV6 Norway (NO,NO).dk",Globe_denmark2
TVE,TVE,tv.yousee.TVE.dk,epg_ripper_DK1
TVNorge,"TVNorge (NO,NO).dk","TVNorge (NO,NO).dk",Globe_denmark2
V Film,V Film,tv.yousee.V.Film.dk,epg_ripper_DK1
V film action,V film action HD (T).dk,V film action HD (T).dk,Globe_denmark1
V Film Action Denmark,"V Film Action Denmark (DK,DA).dk","V Film Action Denmark (DK,DA).dk",Globe_denmark2
V Film Action Norway,"V Film Action Norway (NO,NO).dk","V Film Action Norway (NO,NO).dk",Globe_denmark2
V film family,V film family (T).dk,V film family (T).dk,Globe_denmark1
V Film Family Denmark,"V Film Family Denmark (DK,DA).dk","V Film Family Denmark (DK,DA).dk",Globe_denmark2
V Film Family Norway,"V Film Family Norway (NO,NO).dk","V Film Family Norway (NO,NO).dk",Globe_denmark2
V film hits,V film hits HD (T).dk,V film hits HD (T).dk,Globe_denmark1
V Film Hits Denmark,"V Film Hits Denmark (DK,DA).dk","V Film Hits Denmark (DK,DA).dk",Globe_denmark2
V Film Hits Norway,"V Film Hits Norway (NO,NO).dk","V Film Hits Norway (NO,NO).dk",Globe_denmark2
V film premiere,V film premiere HD (T).dk,V film premiere HD (T).dk,Globe_denmark1
V Film Premiere Denmark,"V Film Premiere HD Denmark (DK,DA).dk","V Film Premiere HD Denmark (DK,DA).dk",Globe_denmark2
V Film Premiere Norway,"V Film Premiere Norway (NO,NO).dk","V Film Premiere Norway (NO,NO).dk",Globe_denmark2
V series,V series HD (T).dk,V series HD (T).dk,Globe_denmark1
V Series Denmark,"V Series Denmark (DK,DA).dk","V Series Denmark (DK,DA).dk",Globe_denmark2
V Series Norway,"V Series Norway (NO,NO).dk","V Series Norway (NO,NO).dk",Globe_denmark2
V Sport + Norway,"V Sport + Norway (NO,NO).dk","V Sport + Norway (NO,NO).dk",Globe_denmark2
V Sport 1 Norway,"V Sport 1 Norway (NO,NO).dk","V Sport 1 Norway (NO,NO).dk",Globe_denmark2
V Sport 2 Norway,"V Sport 2 Norway (NO,NO).dk","V Sport 2 Norway (NO,NO).dk",Globe_denmark2
V Sport 3 Norway,"V Sport 3 Norway (NO,NO).dk","V Sport 3 Norway (NO,NO).dk",Globe_denmark2
V sport golf,V sport golf HD (T).dk,V sport golf HD (T).dk,Globe_denmark1
V Sport Golf Denmark,"V Sport Golf Denmark (DK,DA).dk","V Sport Golf Denmark (DK,DA).dk",Globe_denmark2
V Sport Golf Norway,"V Sport Golf Norway (NO,NO).dk","V Sport Golf Norway (NO,NO).dk",Globe_denmark2
V sport live 1,V sport live 1 (T).dk,V sport live 1 (T).dk,Globe_denmark1
V sport live 2,V sport live 2 (T).dk,V sport live 2 (T).dk,Globe_denmark1
V sport live 3,V sport live 3 (T).dk,V sport live 3 (T).dk,Globe_denmark1
V sport live 4,V sport live 4 (T).dk,V sport live 4 (T).dk,Globe_denmark1
V sport live 5,V sport live 5 (T).dk,V sport live 5 (T).dk,Globe_denmark1
V Sport Premier League 1 Norway,"V Sport Premier League 1 Norway (NO,NO).dk","V Sport Premier League 1 Norway (NO,NO).dk",Globe_denmark2
V Sport Premier League 2 Norway,"V Sport Premier League 2 Norway (NO,NO).dk","V Sport Premier League 2 Norway (NO,NO).dk",Globe_denmark2
V Sport Premier League 3 Norway,"V Sport Premier League 3 Norway (NO,NO).dk","V Sport Premier League 3 Norway (NO,NO).dk",Globe_denmark2
V Sport Premier League 4 Norway,"V Sport Premier League 4 Norway (NO,NO).dk","V Sport Premier League 4 Norway (NO,NO).dk",Globe_denmark2
V sport Premier League Norway,"V sport Premier League Norway (NO,NO).dk","V sport Premier League Norway (NO,NO).dk",Globe_denmark2
V sport ultra,V sport ultra HD (T).dk,V sport ultra HD (T).dk,Globe_denmark1
V Sport Ultra Denmark,"V Sport Ultra HD Denmark (DK,DA).dk","V Sport Ultra HD Denmark (DK,DA).dk",Globe_denmark2
VG Norway,"VG Norway (NO,NO).dk","VG Norway (NO,NO).dk",Globe_denmark2
VH1,VH1,tv.yousee.VH1.dk,epg_ripper_DK1
VH1Cla,VH1Cla,tv.yousee.VH1Cla.dk,epg_ripper_DK1
VHits,VHits,tv.yousee.VHits.dk,epg_ripper_DK1
Via NC,Via NC,tv.yousee.Via.NC.dk,epg_ripper_DK1
VIAAPP_BK,VIAAPP_BK,tv.yousee.VIAAPP_BK.dk,epg_ripper_DK1
viafilm,viafilm,tv.yousee.viafilm.dk,epg_ripper_DK1
VIAFILMLIGHT,VIAFILMLIGHT,tv.yousee.VIAFILMLIGHT.dk,epg_ripper_DK1
Viaplay med Reklamer,Viaplay med Reklamer,tv.yousee.Viaplay.med.Reklamer.dk,epg_ripper_DK1
Viaplay Sport News,Viaplay Sport News HD (D) (T).dk,Viaplay Sport News HD (D) (T).dk,Globe_denmark1
Viaplay_paraply,Viaplay_paraply,tv.yousee.Viaplay_paraply.dk,epg_ripper_DK1
viaplayAdmin,viaplayAdmin,tv.yousee.viaplayAdmin.dk,epg_ripper_DK1
Viasat Explore,Viasat Explore HD (T).dk,Viasat Explore HD (T).dk,Globe_denmark1
Viasat Explore Denmark,"Viasat Explore Denmark (DK,DA).dk","Viasat Explore Denmark (DK,DA).dk",Globe_denmark2
Viasat Explore Norway,"Viasat Explore Norway (NO,NO).dk","Viasat Explore Norway (NO,NO).dk",Globe_denmark2
Viasat History,Viasat History HD (T).dk,Viasat History HD (T).dk,Globe_denmark1
Viasat History Denmark,"Viasat History Denmark (DK,DA).dk","Viasat History Denmark (DK,DA).dk",Globe_denmark2
Viasat History Norway,"Viasat History Norway (NO,NO).dk","Viasat History Norway (NO,NO).dk",Globe_denmark2
Viasat Nature,Viasat Nature HD (T).dk,Viasat Nature HD (T).dk,Globe_denmark1
Viasat Nature Nordic Denmark,"Viasat Nature Nordic Denmark (DK,DA).dk","Viasat Nature Nordic Denmark (DK,DA).dk",Globe_denmark2
Viasat Nature Nordic Norway,"Viasat Nature Nordic Norway (NO,NO).dk","Viasat Nature Nordic Norway (NO,NO).dk",Globe_denmark2
VIAUHD,VIAUHD,tv.yousee.VIAUHD.dk,epg_ripper_DK1
ViFiSe_BK,ViFiSe_BK,tv.yousee.ViFiSe_BK.dk,epg_ripper_DK1
ViFiSe_BK_25,ViFiSe_BK_25,tv.yousee.ViFiSe_BK_25.dk,epg_ripper_DK1
Visjon Norge Norway,"Visjon Norge Norway (NO,NO).dk","Visjon Norge Norway (NO,NO).dk",Globe_denmark2
VOX,VOX,tv.yousee.VOX.dk,epg_ripper_DK1
VOX Norway,"VOX Norway (NO,NO).dk","VOX Norway (NO,NO).dk",Globe_denmark2
Vraanet,Vraanet,tv.yousee.Vraanet.dk,epg_ripper_DK1
VSeries,VSeries,tv.yousee.VSeries.dk,epg_ripper_DK1
XEE,XEE,tv.yousee.XEE.dk,epg_ripper_DK1
XEEVOD,XEEVOD,tv.yousee.XEEVOD.dk,epg_ripper_DK1
YouSee,YouSee,tv.yousee.YouSee.dk,epg_ripper_DK1
YouSee Film og Serier BK,YouSee Film og Serier BK,tv.yousee.YouSee.Film.og.Serier.BK.dk,epg_ripper_DK1
youtube,youtube,tv.yousee.youtube.dk,epg_ripper_DK1
YouTube BK,YouTube BK,tv.yousee.YouTube.BK.dk,epg_ripper_DK1
YSPrem,YSPrem,tv.yousee.YSPrem.dk,epg_ripper_DK1
ZDF,ZDF,tv.yousee.ZDF.dk,epg_ripper_DK1
ZDF Germany,"ZDF Germany (DE,DE).dk","ZDF Germany (DE,DE).dk",Globe_denmark2
Zulu,Zulu,tv.yousee.Zulu.dk,epg_ripper_DK1
